Titre,Image,Prix,Cat√©gorie,Fabricant,Rouen,Lille,Caen,Web
"Alien - Figurine Qmx Facehugger

",https://www.bazardubizarre.com/pub/media/catalog/product/cache/62bdbd1ef4aca77774e9252ca53129ae/1/0/x10012946-0.jpg.pagespeed.ic.6om9rTAyy8.jpg,27.90,Figurines,Qmx,Disponible (1),Disponible (5),Disponible (12),2
"AVENGERS - 3D Metal Model Kit Bouclier Captain America

",https://www.bazardubizarre.com/pub/media/catalog/product/cache/62bdbd1ef4aca77774e9252ca53129ae/7/8/78547-0.jpg,33.90,Figurines,Fascinations,Disponible (1),"Non disponible
",Disponible (1),4
Avengers endgame - Figurine LPM Thanos,https://www.bazardubizarre.com/pub/media/catalog/product/placeholder/default/xlogo-simple_1_1.png.pagespeed.ic.MmO6Tlw743.png,33.90,Figurines,Sega,Disponible (2),"Non disponible
",Disponible (1),4
"
 Avengers : Endgame - Figurine PVC gallery Captain America",https://www.bazardubizarre.com/pub/media/catalog/product/cache/62bdbd1ef4aca77774e9252ca53129ae/1/0/x10024297-0.jpg.pagespeed.ic.87aeqk5s01.jpg,62.90,Figurines,Diamond select toys,Disponible (2),Disponible (1),Disponible (1),2
 BOMBSHELLS - Vinyl figure Supergirl,https://www.bazardubizarre.com/pub/media/catalog/product/cache/62bdbd1ef4aca77774e9252ca53129ae/1/0/x10005713-0.jpg.pagespeed.ic.ssOGUNBWay.jpg,39.90,Figurines,Cryptozoic,Disponible (2),Disponible (1),Disponible (1),10
 Candy Cloud - licorne Gigglepot,https://www.bazardubizarre.com/pub/media/catalog/product/cache/62bdbd1ef4aca77774e9252ca53129ae/1/0/x10012490-0.jpg.pagespeed.ic.D9kg5KPG16.jpg,8.50,Figurines,"The aird group

",Disponible (2),Disponible (3),Disponible (1),2
 Captain Tsubasa - Figurine Grandista Ozora Tsubasa exclu lines,https://www.bazardubizarre.com/pub/media/catalog/product/cache/62bdbd1ef4aca77774e9252ca53129ae/1/0/10021652-0.jpg,48.90,Figurines,Banpresto,Disponible (2),Disponible (3),Disponible (1),10
 Cthulhu - Figurine PVC Gallery diorama Cthulhu pulp,https://www.bazardubizarre.com/pub/media/catalog/product/cache/62bdbd1ef4aca77774e9252ca53129ae/1/0/10019369-0.jpg,56.50,Figurines,"Diamond select toys
","Non disponible
",Disponible (3),Disponible (1),2
"DATE A BULLET - Figurine coreful Kazuzo Tokizaki
",https://www.bazardubizarre.com/pub/media/catalog/product/cache/62bdbd1ef4aca77774e9252ca53129ae/1/0/x10024259-0.jpg.pagespeed.ic.Ss9Ia5KMXv.jpg,32.90,Figurines,sega prize,"Non disponible
",Disponible (3),Disponible (3),4
 BATMAN The Animated Series - Harley Quinn ARTFX+,https://www.bazardubizarre.com/pub/media/catalog/product/cache/62bdbd1ef4aca77774e9252ca53129ae/1/0/10011381-0.jpg,79.90,Kotobukia,Delcourt,"Non disponible
",Disponible (5),Disponible (2),10